primary_key,asympt_disp,extra_pois
\x9c3869cf130e4e89d140c88b7f9171d9,0.740438744785065,0.0762360617677993
\x926433a288b430f43dd18ab388021b4d,0.379144284030938,0.0766495750594895
\x44f242a9cf1992b68c4213b709f928b9,0.26738852649917,0.204503116422305
\x47e9978041a852686d262bd054049bd9,0.264647202851072,0.0642320555747047
\xd0697aa7bfda400118db3079a14c6f08,0.318826408690941,0.055485864771299
\x5235181550a42f739ddc8a4a7249e393,0.403691922634039,0.106026384199417
\x6dc1d4975a15b697a704a44c0152dc2f,0.625803913915564,0.0657350175660624
\x6e702759f3be7d92511f8e94b930dfcc,0.1686384074894,0.0775076829743887
\x28efed4f701f707799497c3e6496504a,0.315726853005668,0.0596189580723351
\x7682f495a43bfb66f352f6338889e9a7,0.174196403022341,0.0721363469187103
\x129328ada05534bdee4bf839920701b2,0.387122014721894,0.143892329069767
\x4f476c3ac7183b0b98043b683055c0c4,0.256977654323292,0.169841971713837
\x7436de3df251a46d3d49f27a825ccaf8,0.578915434656711,0.103117111997477
\x9285feabc8062eb090dff30987c10349,0.309018773536294,0.141302799963852
\xdd16432701499b374637e8ebdceb1023,0.260651471288107,0.157690222176094
\xfdf2d1763f3fc6f07d76d1e8be32879b,0.2438812136223,0.143464198438033
\x6a37e15e21d83c28bfadb7d982877504,1.57148041154392,0.186840015783354
\x9ecfeae49de79a8bef54c4bf3be286e1,0.327821643920254,0.152925526608527
\x5bdc7fa50edea7a6843b456c5c8f7606,0.239610837335235,0.117551028351238
\x726311ab8ceeeeceb6e857e246a34802,0.215081945900953,0.148321917863959
\xc66e0c4fc5ecd5e75510abd0491a132b,1.12732337508893,0.098341287299338
\xdb5f74ebc80e57152278ed348ed3eb18,0.37972347804708,0.0519179003805767
\xb1b636f37a978283c7345f9c7499d22b,0.415222649623032,0.188613533730086
\xbd9efe217a3c166f5484463ecdf47a0d,1.85072798433902,0.2109492347737
\x49fbb463a3c562c3708cdd8e7cff7dc4,0.863271657147469,0.0649217821252292
\xf79c83b8f8aa30b558a6e0562276d7c7,2.69647429884681,0.124161408751455
\xa153c0e089ab50d333960ba80f8a0846,0.902316560715411,0.0609013886665126
\x60524921792d1ae996af4bc7364f2e2c,0.695352897627997,0.134156614041113
\x8d4730a74ed85028faafe2a7765f3ff8,0.875313852724881,0.0870518446195574
\xc6125231e2b50bbda7ecf298b77ef16e,0.429729540922529,0.11416351489117
\x0275d8c1295b3df70105691183d35e69,0.759535405324017,0.236021372966851
\x2ec9b3e677fe9323f4749a9e1c67a1b0,0.928215899628122,0.191796208394753
\xc8162aa3ce0eaa8831a46e4cdf68d21a,1.74596901002661,0.154110508639822
\x4326d4c54521d68ce103c410ca80fadb,1.2700448525309,0.113195363667492
\x2fc391cfda290b1ba824986074e7f1cb,0.699850963485216,0.155830914352895
\x8c76d778fd361aa023ae8b0bdd513783,0.783961432839607,0.106638334518737
\xfc2f124a735609722cc161223c9803a5,1.4709187351661,0.079450172534608
\xdff53df6fa1edd38ca954e6e3e738abf,1.22612469510473,0.193259524646422
\x54d36bfa8be8802a4759863293720269,0.676689333031064,0.107496209041412
\x3313f8686cf94a0eea32b248826f3db6,0.487154291120306,0.126979484515035
\x4d4f893951bd186c43ee4460924b146a,0.795245845306924,0.170187240317055
\xd36b1e45f0846b736a8bd459577506b7,0.457851832060031,0.1463093011922
\xac6a2a22cd77f80fa3bb15c1fbc3d642,0.304524303335283,0.120586747992029
\x0f91f50745b6d8822a978e87b866e955,1.31319255986079,0.0951686825535244
\xcbdd60837030eb40ead98df281be9437,0.847913126810487,0.0662406632944336
\xb429eaaed49874805d8d258e407cfc48,2.05078990624216,0.117916077359036
\x73a741c032050c974c9bfdf229d5070c,0.881300213275535,0.150348717252109
\x4af390f5e574061bab5a8ed1da0d1e55,0.97167548670963,0.0677725460630773
\x53e425d07742862e8451bd1b3bd9da08,0.350339494688778,0.118107772388433
\x45e7d88c7fc2f0a7f542bd4010d18d38,0.473320202494833,0.202474456057467
\xe28d43b259cdc4a2b4f2305bd72aa463,0.532288155331812,0.245679876581742
\xaed35eda0f411e9c331e9b71dab9c431,1.50303362739816,0.0812689292059128
\x72344220ab1d4dc88152c519eff19e6d,0.924896789071761,0.0723441013695335
\x485cf99fdfc739b7bb176e8e3d261c3d,1.00211683438309,0.0628759585932182
\xa47b78b723e21dce74f27eec135da567,0.569688867139108,0.104762201147467
\x0d30af08182c551defcb3b58c9a04741,0.259664205644525,0.0915624650483435
\x7b3b04d6a06ae7e5fbc1359c033d8efe,1.08983911370014,0.254851495243564
\xdb9e6f579998048d1c65621354dfe8ef,0.482191183129352,0.0941079125318685
\x41f08d4ea0588d62081b97db72c0e776,0.385198814089047,0.218608186768173
\xf02111c733033fe5ce25cba97342dff0,0.811603933660207,0.27012394602753
\x191c668a676eac5fb58a3e63447207e5,1.1686268904141,0.215450629795109
\xa23f1b8644e4732d6e6702643f0d874d,0.897982950179409,0.0321963588531183
\xdb8a715ab096d5d7bee6061179cb7002,0.840360022532758,0.121186462635923
\xf6d6c411b45fe55715cb74b6d7d71b15,1.43565527976187,0.0580374403850453
\x87544807661acd39ba3fd48cdd2f22c1,0.610639331964784,0.153359656096695
\xc0c78e92c1c7b310575e99a84bdbf9ed,0.757750130485436,0.147170605816886
\x084f40d1927e0fec6cbf26f77fd74b45,0.664913695091726,0.0877099760060835
\x1727df7d845fddafd8e6754de5c1306e,0.733299841672463,0.108868129274345
\x20768dcba54d7804f8ce6d5da66baad7,0.509200284909707,0.181700765119483
\x4a6d28948491be7a98af61731ea29895,1.90189103245989,0.0946757565730587
\x614cd55ce4210e3319a33af9043c78d9,1.41813254978163,0.0956657437683989
\xa82b1ff1aea18377af33129a13e5236f,1.73324431447314,0.0707042953046019
\x9418a41b9017e444e398f59020f1cf54,1.41207429735355,0.128960756960684
\xf60c75a28c1248d335c4c28341fd226d,1.36079146734313,0.138082309515053
\x20ea05549ff8381501e4c716bb449d80,1.14196254369871,0.103031544482366
\x6652288668fe1c95642a46e440eb4908,1.1189683484336,0.190539990550371
\x56a96feee572599758e5ba92e53d600c,0.811508041745329,0.211545365551428
\x2ca4bc9786e1e04eea7ea6480d30755a,1.03326163850383,0.25715807843314
\xfa67ac8aed1c7dd8c385dd96eb3f16fe,0.538922817410813,0.105671459334418
\x8d0ada1ea202e23ed39d6609bc5243c6,1.32649085576239,0.279356613644672
\x1eb4a181f9c0a94a11a8040d7f836bcb,1.04587409873207,0.194447001207979
\x99c1684ac06dc050723bee7f3d5e23ef,0.384470453192822,0.170469964072861
\x6cc87ca931ce762f08a0007e8651b7c6,0.327210795748909,0.181731662623789
\x2e665859894f577f4b5ba1967eabb48a,0.275150238088774,0.139563590618804
\xa03ce211189703cfab79c844b9c5777d,0.329391432746618,0.178226905184574
\x9e9e274f52b40579520c76680f5b5fae,0.339460534993697,0.221496031424917
\xeb030c02b3b33874e40578b1543946a2,0.634507171928927,0.240580957743378
\x52e5104edc7e9c9b458cd03bd1d76f63,0.939585470998588,0.115968297460532
\x6927ff3985cf95a1d054145b89c74504,0.496427278635395,0.113953577611799
\x888ed779aa040cc8d5660b3df579ac91,0.305889586753551,0.148800019269529
\x325d0bf9a917ff70f9ab8a052d285230,0.280919596196139,0.110929823735259
\x734eea39c070c18e5fb9206ab894e3f5,0.406465457961108,0.133046718785112
\x753201abb5ebe60f154ea311766f3096,0.356205981211082,0.188245612106295
\x9ad5b4a72a1ab500582e18e9e8958097,0.461571551577619,0.165732799582667
\xe5699613a0c4ef2416f19f662854aa72,0.796128682254501,0.171392639658685
\x54ef17bc9c4a0c8cb074805e1c81ad3e,0.573730883197574,0.200114561276376
\x4f80356432c23110b847b4caf39fa8c3,0.596603509696243,0.23413933725881
\x4274ddb2358d35deced7d1f5b9b40f2a,0.605572842416998,0.192102904038945
\xe450e373f14e6fa6beeec4b328e312a8,0.215207922569683,0.0929788218500351
\x65a65d4bb086d77027d4445f1e548172,0.206780521131653,0.0557373658615525
\x930ddffc1595dd53584ed5c013ed8c34,0.229355166169346,0.0843060303702197
\x878adb5547d4acb2c699ed696a28310d,0.247928897609118,0.0659894526061269
\xaa86feabfd88f06bbcb289e8559fa702,0.718851780617623,0.223379627090513
\xebe3d4fbab8c259f5f6d86e2db5a2c39,0.340720489186556,0.117926612943558
\x9e3787c10c4204bbf2c9b041e952e435,0.438159324592621,0.0636918789521184
\x8eb64252aeff3f14f3f916d75a632a43,0.419624850116081,0.103205423274629
\x968dc550896dc1bfeec4e84036d88298,0.458159843633016,0.150446635023601
\x5937a8d1565307e42fd4ae3c9ccd20bb,0.258384316227376,0.0750817292424806
\xd02be3b5bd397347e4d73eff9c71e8b6,1.34498692089087,0.249956823598098
\xb0ff51831d0496de5365f8854ddf59d5,1.06212907093535,0.113299494631841
\x88ade06ec0bf6d14f95189806217c421,1.03446244240343,0.289817330204759
\x78c05e0154c82f5515c005d448a6491a,3.18942511232399,0.141015207462704
\x99a4380a3a257f5c8b370aed7173bb9f,0.330712489608042,0.140855956343641
\x84bb5221840bff3826e9e2ce6feb3559,1.23535631166605,0.237321195636831
\x13110eaf305eb95fd77b9f270635aef8,0.59446341749128,0.205620955758082
\x8a3a32e770e6fd56b2701520939386ab,1.69756566199395,0.230886093821707
\xe4431113513d35befb7c74924aa4969e,1.48977908963786,0.3304182349805
\x26b026055490f7aa207e4a1f2dbd5419,0.512488609223917,0.267063994907945
\xf0f638fc2e04196c6eb3567c3078b59a,0.285563709787688,0.227196130077857
\xd0d65b4ce1359301fb4efdf5133305ae,1.54556008352031,0.199540203809017
\xd88660d708b40b2dd55c5f8276f5ca46,1.84988602449424,0.20754290282538
\xecac870cdbfb0abea14f0d8b983707bb,0.188909551917286,0.0573669896472191
\x683433b3c8486ef4eadc3fedf0b3553d,0.240888583137872,0.106636365766618
\xf6ec20a842a6068ef2342bfbdecbbba1,0.310493831220059,0.0815265811677134
\x6c01a104fedf558d0fb54a310640deeb,0.273268760158703,0.152592888567848
\xa0eb806f35a191e4a11f4941f639d462,0.18454343538551,0.0835236137031924
\xa70fb6217ecb901ad5ee257420314acd,0.197686314295257,0.115144654234419
\x054df11caea4c82fd10ac401867523a5,0.343164605211321,0.0985151362851361
\xfa8c465d8e93b597a73df885eddee5cc,0.304276432879133,0.131188801220344
\xfd7c319e6b1772554853450e29fffd8f,1.24396991709914,0.213464880221714
\x46feebd9b90733ddfa2b5f1e63bb6911,1.36351267005529,0.292930341993658
\x7f1ee3d102830345a6441808a431d4a8,0.276181131369195,0.183513551313124
\x154c035a7ffdbb1773291acd2308f679,0.405757711539011,0.264656407777697
\x655335485c802e325d36e8f7fb190313,0.244372535470292,0.093951971690751
\xeccfb17d5eda322be6086537f57112ff,0.292608740716703,0.134873905496696
\xf94dd6984e215ecf2cf96bc1f0e0c924,0.557601715557488,0.121810824568124
\x7773a5e1797ac1ed51acf2070fdd0adf,0.241738221965837,0.101425332561054
\xd127651247dc5e91e5bac50f27d807ec,0.623078298841704,0.145288340204946
\xd7d5fd7268bd5201bb0ff7b2c7b78be7,0.871298242639647,0.255881801040976
\xf93eb4250fec7267998400160ca48d11,0.244536175959471,0.135590700119919
\x6df259b25806a7ced8ea8f8323678ea7,0.247079203942429,0.209903800866269
\xb161a891cc21ba72b6c25c92e1ef43be,1.33914989138823,0.216049345310303
\x6c2317e421ba536f754209736b23cd15,0.194359163520553,0.146447497200937
\xd45f9cdaa8d64be4b686e178e445a7eb,0.202245554083472,0.173428815844669
\x5ba0da8d066b99b3ce0ac93ec6a214cf,0.187913072947303,0.150592661554037
\x1b2d51e2f0294348ae1dfcd7c8042c63,2.45953882587082,0.137802474845473
\xd52626db6308e14afe4fd14cebccd6c1,0.291909391348162,0.166342290256818
\x9ce0fbd2d9517d6102e53d0a5f1f9603,0.345623327475804,0.288222469916663
\x502b93cff4347860725a44bff11bf8a0,0.374241092111203,0.237188978397742
\x00bcb109b67f4aaaf166384a42beaaa0,0.196241959719832,0.224050453656297
\x481a93ebeddc11bfd1c7408bbb8b8b96,0.371172332901944,0.159194437421478
\x5090e3648c65c5faed0066a2d9ec8388,0.404072245688401,0.179728879084446
\x44e1d3e64fd50ee1725107e758b73860,0.362766592117824,0.324664006313276
\xb951ab9e4ccb16dda65be079540208be,0.323212950270957,0.271154585453889
\x65655e0c158d62724c9dd3dfe07014dd,0.185148432224214,0.200082957718196
\x92cfbe4b8af3352701a7e18f728dc5ba,0.698565595840956,0.213011484442443
\x7a962f53e4b6a8bc42fc904f90b30694,0.186774373963105,0.173352592085362
\x3cfa65277ec911d11bfd093c759c9d05,0.332496250832206,0.190785089213111
\xb49ce1a2963703190e2e6f7b20a61316,0.386321236309336,0.0791096439007628
\x5c41b26c49ea24c8bc4913f4afd17716,2.00409800886022,0.185588057697779
\x7cfc242b2cb02bc490246d62c2ad2356,0.568353391909772,0.102599366945866
\x273226bbe866f516d3c600f72a8fee3c,0.627594014950542,0.092359494690996
\x1c888e39678babb2f7fbf42526716c3f,0.470530021506074,0.253865631884302
\xf634597f314240ddda65cfaba5bf87a8,0.271825336991549,0.18872071250789
\x1bc8d2b15278c2f32711273bcacbdc42,1.08658783111576,0.240144947727418
\x42b7cb4fde6c5ab976d5610fc2822136,0.341588576083835,0.113525446049728
\x2bb50bb352c0b2d9b3a2486715272795,1.15264878049592,0.217245636570269
\x004fa4722b62962911c6afeeb74d3641,0.607223289552667,0.170344163433455
\x79b606883ba29ff45efe9b08287cc7e9,0.528579049946571,0.157670160494918
\x03f8915e743c1a438b733827e1c80535,0.801500167109791,0.223697301571334
\x23785cb192b6f11b3b0d8f32b5cd244d,0.946543966276578,0.178869984411577
\x2e2948f33bc2f19842af3fd9a7b6d2a1,1.14840827649735,0.190009134610528
\xb609e2fd231fae223e475277eb700ecb,0.236363522741009,0.0898417291059694
\xae86ca3e6576a456b03cbf18018e1ccd,0.315382386940157,0.0678463771622851
\x6f7661280f92a0bc3aff249c6c2dd597,0.269171050528579,0.0758695046529632
\x9caad99465ded9fe6e16c6263ce96223,0.206106706145551,0.168280988317162
\x141a8eee8935795f6ed4cab9388cd0c5,0.537544445632517,0.166515410259669
\x24878f0e416a12ca97ab145dcd421d09,1.11574098535452,0.243055778674918
\xbe060f7b852f2b3ee1134ce3411f70b7,0.283046564651289,0.110890473970447
\x81fa576c077b518df5f79f7d6989880e,0.193902233088363,0.106616540688549
\x87de9edd5b72618f2312ac8873229fe0,0.235284360031882,0.113048443318728
\xa7e7c4de9ae61c2bb49d0299a844dd73,0.28733624507917,0.123850732610426
\xb2eef7de2cd78df0f75e0f3b754a02ca,1.36973817867867,0.169938263645629
\xd075ecadb72c66df59a969f72ae2accb,0.332994068150259,0.0949939136474386
\x0d72b5370cdfd45b938247fcdcc00e86,0.68393343948848,0.115794457993162
\x08f9fd65f68a1ceda753c48d0c34dfb1,0.231239249246946,0.0933472029187331
\x7e3c5bf13516318793f346e4069a56ee,0.371607765373432,0.118660817863197
\x21bd3f2a4de58dd5ddd39d39baec33c2,0.545257786266153,0.255255978750214
\xd877812e5a5a7ed78f99753d6cb49383,0.432342605994921,0.176131284907376
\x5e98857953d814f78f50b335a3b9c1d1,0.306547424966517,0.119353650773851
\x8a2ef34f022ad0416683733ef87a01d8,0.250073156585382,0.116480088054678
\x1a6003c904b6b7636243d56cecedb2b4,0.740073807803912,0.172417100899864
\xb50c5712e035bb9319411d2606f3bbbc,0.294166730364225,0.161444308109223
\x63b0a287053460bbefe6a87e95f20844,0.830675673870212,0.213275814612601
\xcdf90d72944094e4fc84465e25061545,0.518742107955061,0.178621222304786
\xe1ed886b61632d2f82af70cd3f3cf8a2,1.17507809152332,0.210517661328866
\xba138620075305b15dc483f450dce5d0,0.224348264554137,0.239772324458261
\x50787a4d8a10b1cb6074a391f4ef59ca,0.291641264023186,0.246995594464609
\x5bcfae9ded70cf7de50f5b196c7a4f71,0.488854709342793,0.240280875387704
\xdaabf950a3a663acff9f5c2490936929,1.06125305090888,0.224608720617242
\x0cabe90ae56eef8572ec4029cfd28ad5,0.247567458707609,0.222495494636004
\xcbc550db74ca028e8648a8afdcbd8baa,0.727562377420914,0.184717034390941
\x72c048eda248baddedc490b1cb4877e1,0.631391367849005,0.23446318036248
\xf2dde70f8ef2bbe5f0fd06afaca575f9,0.53381482561817,0.265932072189274
\x2a44dce57b1b5351f9a2f4ddaeb1956c,0.389854791626475,0.20822272484303
\x5b31818c2e35341315aa1e09d510b100,0.689104617985026,0.275386169674566
\xdb0eeffa8d768971280721bb7a1b36d8,0.306077327898941,0.2251336350287
\x1887255464a88fe57c67aac5159fc8e0,0.504008515423096,0.333685712848307
\x033184c6717cf0a6d37ff2890b10fd9f,0.299744260408304,0.203328167286668
\x82cd340fdc09f164ba5b44a1a20aa79c,0.233549314370591,0.149631039641879
\xdf3218b150d0f49b2696b31bff0b24e4,0.75830907530171,0.316004465508799
\xdc434f6d3c2f83e805137e7afa42958a,0.507385212811764,0.0961818152827728
\xdd16432701499b374637e8ebdceb1023,0.325417210935141,0.192120046099366
\xd0697aa7bfda400118db3079a14c6f08,0.0925971590940868,0.100694224606567
\x75efd9f863a12aa1cac2224dee1c6205,0.149675048649126,0.0870723045085253
\xfbb2ecd15779688375b0b022aa6e667a,0.180203568072405,0.109156148800601
\x9b8fe4862a91d5375167119c1426e701,0.344158873698691,0.157518088455064
\x47e9978041a852686d262bd054049bd9,0.166470311924731,0.139755019081469
\x129328ada05534bdee4bf839920701b2,0.273767331511481,0.213832474732741
\x6e702759f3be7d92511f8e94b930dfcc,0.138209148028356,0.238182651637225
\x4f476c3ac7183b0b98043b683055c0c4,0.0719803506763071,0.200667748339685
\x58985b8c7e66b677a5b7f8b65902738d,0.833863982954589,0.289368044663026
\x6dbcbb93e96d38b548e8a0d3d50dcafb,0.446198138818629,0.167518680780287
\x2fce6af7734e6e3cc59c7f72007391fe,0.199291357896852,0.160645807357377
\x75410f8f167f43ee2b76697ee9089592,0.429082619327943,0.260666533247132
\x26f2ba5f20a55a52a2ba3a779451ac84,0.276489798631474,0.306071978966978
\x33ae1478c4dbd94ec35bf8d259ba59da,0.341792091622377,0.234293885042417
\x59fd0a6ff5f6be8816ea48c6d28bda7f,0.595979475713552,0.286348567885039
\xf79390033fcf7b3a1b5f914677234a6c,0.325221404447499,0.0708582585893986
\x36ca1f7a20ffb757355bb5e507cf99a3,0.254191863531328,0.0933088314290418
\x8b70a951b10b15570ebd5b65c39a8647,0.288405508040271,0.129973404035553
\x2a3fc0072e443b1f8cc56d970d1c2d9d,0.407518603232673,0.0790869186237616
\x324c46d4d0c7949732d49cedf694c747,0.285402930281132,0.101371250331073
\x2a6894849f79f4f94134bb9cb956ae6f,0.500543730865562,0.130286404783985
\x8ef7e76630332c914fc8a57378423dae,0.627201394240211,0.124966908064341
\x19b233c30b17805e91b519248a2a5d47,0.300475862315532,0.112546112256067
\x5b866e2fdef2531f6b82714af1bad8b5,0.693819842916177,0.250013866202942
\xb2305246e1e03ce6fb213eb672254ffd,0.310578854216102,0.106942357192752
\xcc0cc4ba07176cb641a39fb06f2c4d9e,0.231929018824133,0.126669108141825
\x568b3627393b815e60888ed7a2c3eb00,0.257739078065215,0.0929048624167644
\x6bc4eaaa1e60a7899c01fe3d771f5be4,1.6937188811536,0.163418862241106
\xe6a12c47f91a49fbe3b1ddc21c42676a,0.242270575600888,0.0806040414209821
\xaba43e2f509031b6202843435037f2b2,0.387069992601263,0.116415538540491
\xb47641dde8c682c3af1163b178299dd9,1.05122563115702,0.237281571120786
\xdc487e4fcb38a58ed0a27f6228cf6eb2,0.210196119558557,0.111185005793043
\x0fc3ec902f966062530cd8452122b4db,1.82745209791526,0.269246509927108
\x0ea333068e94e7432c8255ed6fb1174a,1.2125335177712,0.194428088643126
\xdc83da72dbf143a32040bbdae5c95bc5,0.355393025805646,0.165960988926723
\x92037be71310a1e0cec6c733206be732,1.96334165997842,0.165865685748852
\x78a3adfaa5a52d4176eba007b41fbcb7,0.336774844968909,0.181266564296675
\xa3e8b91bae498f4a4a8b09e997d787bc,0.190300849769196,0.1279493623965
\x2f113f3f33d05dcd59095ddd5cd31b03,0.276767030738187,0.102072163003066
\xf380221c72b21b9fedf66be980ad334d,0.179445679064295,0.0940272224746508
\x632059455eee68333ceab2b1f4fc9f87,0.170516466129365,0.106163074342164
\x6a95ceaaef4a3952b19c9d85041a2c52,0.387708431216421,0.211139327735779
\x64f19ec71badbe57bb7b00122960be45,0.775725739911803,0.224340977000594
\xb9103c98f3f3913c353ca9597c5f11ac,0.448980008188532,0.287770142093925
\xd5fe8ca6f14a097c43765a48194137b0,0.63621677856455,0.247045012636163
\x7d8d93dcb83b54ad0983d969865ad0d3,0.229571774647436,0.115436124858565
\xa551264dc16a09704ee13c7f8258b24b,0.206325949364285,0.0964213109876646
\xad27ff8583065228a4bf92804c1ff204,0.384501643704959,0.160254400884809
\x920accff2873532d72a99fc5b4d54256,1.32572975099876,0.18331965159357
\x5580da8d78230ee365b24af6ed502553,0.312050829741105,0.171464332510865
\x2a1147dd5442ff7cca24ac7aa19c25ab,0.204958902750839,0.160242446566689
\x219cbed3262dc2dde09e76bc506d1cad,0.275289375537504,0.0988755700284803
\xffd6705dbedb2a98c8db2250a1cb1c99,0.547842711337966,0.128078844938612
\x7cea5cf6221cf9e3f877c1be92fec8b1,0.299464730895685,0.0787267501365792
\x224de4e3c1a8c5d79e7d837fe080bea9,0.263627074800783,0.0855373654340936
\x0e7d7bffd400407f68e1dda742484285,1.50108154715629,0.166616277107739
\x1f4ea46b313a7977c9928c21a9bcfaa8,0.452795107188369,0.338313102334207
\x83384df29a093be2519cfdc7a795d254,0.25481437828591,0.109368364046725
\x02ca493759109739b78e02cfb3ed74c1,0.203762336281501,0.0825148163196892
\x39f4e5e3a776a544dc0dc56078f2c77c,0.412706994182895,0.0883419046409487
\xad00011d3210a6423a2d631abc49d427,0.340014973808548,0.416972888976182
\x64a86ee47f78f7cc31cfedae9b6a80ef,0.344573996200588,0.116629817353914
\xe28a57d3332b0a969c8f08c21f65a8c7,0.439268146032078,0.182856573219458
\x163a3f159a731bb9485937ed103644db,0.280800586248594,0.082296801437304
\xf540fa08e87efa7c7324543853026386,0.604568389258894,0.182128833834749
\x167bc0b913e236f256a7ca36a1804f9c,0.132665582088303,0.16394339741466
\x209879b08d1f71ed4b02b3d6de6e5ca4,0.31873308580355,0.440116124018847
\x1fb6b37e564bc36c28d08e54f3e2dbe7,0.545016151295769,0.214843495390601
\x1352506c602aeefef3e6450a9ca109e7,0.940653742832908,0.274241019448206
\x4ff8f5b9c00ad339429097cafd508ea4,0.601613787509191,0.250546285636927
\x812dbb3e86f1548154d8fd4054b9dbb7,0.683847260937674,0.176142894255022
\xa5bb9432f5236afbd6fe6cbf1f5afeaf,0.416192296515967,0.193864277299547
\x7c4596d79c64a5af64239496d47d635d,0.565774934335532,0.31031762506359
\x848f1a10b93c891e534ec82576f4d1b7,0.248740545367113,0.087327587176794
\xe509bded6c1441930957d91772a0f4f3,1.99041601942403,0.254721230551959
\xfd8e1e2193a8d4fea5cbdc936decca00,0.269665260783387,0.132607932456067
\xdfb68574464dfc69da4cbc164980e0a0,0.275281303348309,0.0863112521204804
\x6e5e051732b9c4ee276690cbfcb4c81d,0.161365179462289,0.0737840621084709
\x9bb9b3f6db3c87c9d2b808b462bea654,0.278721873624016,0.138977604715672
\x1404deb0018988471f2d71950be73262,0.253172362482295,0.149754300975294
\x746b7bee27f822a459df23ba827b0577,0.277956513954107,0.136603073179696
\x891b90e26132edb006e056c05833b9bb,0.231825402494027,0.179572632734049
\x163e39e9788181bb218dcb147a1189d1,0.347438634358074,0.225190911724581
\x134ab2f81b36a4b0d1d8ac3f8aca5e85,0.262029784725642,0.143005131958373
\x1bb5623f084ee1f3574a8284e6ffa75f,0.22626776269972,0.147515601345755
\x64015ba9215c4f31753d1b792888c8eb,0.200804962401958,0.128848408113556
\xf42767165a9e852bc863080d1a3e3fd9,0.478920334699638,0.20883452130638
\x9966b0b10e5a51c48c5ef785ade240c9,0.165941980342475,0.186857172006265
\x06da37f6ebbded0693a0b129c85e3ffd,0.182857123310035,0.139491949495421
\x856627fc23739f468f7815533836c99d,0.414671908652436,0.25086484486065
\xfdfaefa76726bd801e2149e567b771fa,0.21757634323709,0.212109885490514
\x5b5f3bd08a11878e1b724f964f9a52f4,0.205998636686116,0.140123553024428
\x7a839701dba1baf3c1b4ed967aa5828c,0.293941997300865,0.155349096733816
\x02ec83dcb87f61735c6a1f4453447f84,0.141985612485921,0.220876346290516
\xc099c63b7e6a2ae15ddcfae67bd96be0,0.216992469787399,0.16482842139388
\xf5e536135b4f19366908476ca78ca355,0.376956704313684,0.177429873061104
\x903ad6380f8ba3b9fbcbd1d28d943957,0.34578517359737,0.199500107565393
\x45568e68276177430d503c7ba6db6a46,0.376296145086032,0.175556261734372
\xd972700308411391890f73bf732db358,0.181690452892704,0.158440567760739
\x8a930f66290f6ff1ece3629b691ef286,0.220182222981952,0.241094087922828
\xec54e4a0b4b1c5a34d392d238e94e6e2,0.284326235253956,0.116460327675876
\xfc64be125a9be18787fe450fd1da54ad,1.25740744468192,0.219490461771011
\xfca1f22aeeebbb98b2e612686ff4c8d5,0.754328183594001,0.164183433703004
\x36e134a71a165f485b811c1d3b8740b9,0.652306520096342,0.189783256176799
\x640f1b38eaa8cc0e47b665b284d54a25,0.452588760987142,0.191595447460344
\x2420b7985c5b2ec1d3bf1b43be0b6be6,0.219268987209503,0.176670652547233
\xf2b2dbd958be8c230aeb43d258bed830,0.289562503245317,0.119096463238756
\xc2c6afc828d398ea21653a465ba905f0,0.212624612110313,0.125301350696653
\xf05d5ba19926da190d6f9c4ae859c351,0.213967786518266,0.101116283912613
\x197e1c37e3a17411ee4f7661f199dc1d,0.208118451105856,0.121755671902042
\xe387a76aae06875a05aa42108d4de539,0.24229630771577,0.0976506939359848
\x4b9978035d63b13b8e1a0cf9f4336d2a,0.263698707495917,0.132154502429863
\x70fb2e6d78319a6b992afc2d4f26657f,0.27729603875885,0.148791553416671
\xd2c19f1733f8f7f41f3639296d6813fa,0.45996172609091,0.149249055646238
\x830a01bb7c5dffbfbd9a9d51137b3ddf,0.322797861758749,0.190705380549371
\x9bbc241e9ad28dc1b2cdb71e2fcf38c2,0.193002838783862,0.189339234229338
\xda0f38e98b0d6244e82fa77ab515397e,0.709745442729921,0.237658474032381
\xd03a906c9acef44eaecb1978b6f46ff7,0.18455560640936,0.066413998048206
\x2089f01cfb4166eba65a1bacef3cd695,0.969859198182077,0.137653975909978
\x703f945391a89b79918b5d89a2dc14e6,0.315046366006846,0.0765584309371379
\xaf0bee8e33423a5e5e3457f1bfc79187,0.326402718915752,0.102219006040099
\x1808b228d78be5411a9ecdcbd1bc8db1,0.23766773548517,0.106271122972378
\x40fde2e632fe0a2725ea5fb69bb8a897,0.267727969351691,0.0652915691654376
\xa6b299932b4723bb16f22dddedda83ff,0.370886182076706,0.0819030345611733
\xac100dca34da911e5395f03eb0b399ee,0.316567240824943,0.0867987631226044
\x79881c4499877a4b5d9c8a868eaabf64,0.222946702373087,0.14221282528594
\x0a52bb438e56564b0850792ff5e41869,1.15823603924903,0.167668891482265
\xef0b3f6f9c675a00c8ab3280329be41e,0.257002413017138,0.080881955600401
\x48905f68db0c8de00e7d836903f15d8a,0.144456363580254,0.0635110447521628
\xa4c03f0472a9e483d0ba7fc21539e8c4,0.182648939185577,0.0731602486478772
\xa3a90efc042d1c8f64458086e52448f8,0.4618185074277,0.0825393847316585
\x3b724f8b29c58d8001865cb9eb53c181,0.211891910037684,0.0802734567844353
\x9fb0989e6d1bbee9f6ab118c83e743d4,0.184793484250821,0.0969387735461513
\xe0f7a069debbf48b3fffa431b400ad34,0.253394485688773,0.0775775939613267
\x66825aeb532dda5dbf9bf6e8a4be26dd,0.662716264840059,0.136536787828856
\x9602593b5db83e252366abd012774526,0.345378890473614,0.136853618531042
\x413450b2d196ac322d5beddd401a51d0,0.53681363991638,0.104214845702768
\x0b018d7e29ad19c09d197103198c95ac,0.21889627553806,0.0909266383752056
\x53233098b0fb9c00518fd50e086c64f1,0.422490562450595,0.207356436928112
\x93357d4716ea092d1d3ea19bd3ad5c47,0.31769710273963,0.0767552014225612
\xb71ea62adf1b44dc4af8cd8c310dbd19,0.268403844034764,0.124921981909707
\x1bc9c0a090884675800176a7c13f40e9,0.301578573518758,0.0915369953491277
\xfba7704df613e68f89364e874d683236,0.235871195563601,0.0905726572336503
\x46ad2671392db9bf9f92fda97169ab04,0.168831762971948,0.0901648026068799
\x1edd340109fa8720d9b0adb781b23d7a,0.119722580223313,0.130261134550386
\xc971683989a89f4a5f2cd3298cd93ae9,0.448284840619845,0.109662076384955
\xd581a919b8099aa234ee8f64478adcec,0.306689621385647,0.115274755746107
\x19e54112565a2a291bb7cbea582453ed,0.10528881312169,0.0628710188653636
\x4fe880050447f444a014ac37e7437064,0.17014440273737,0.156808999530725
\x0401b7264f2203afeebf45a189c8aba9,0.362048149493131,0.131282009521191
\x400616c6d0c060102eb872af38ef60f5,0.112286140906526,0.0707768837483897
\x83a8117cc2b307db3e1e257636b84f2b,0.0864928757041832,0.105295254839313
\xff9ca127f98b64074c70cab17502d7ed,0.219616137685837,0.0796136723406855
\x57f0ced45ed49a0bf7cba9c7a3a810a3,0.200115059725612,0.0857239163076964
\xe55ca972f204c7f026a5eb49a5a28370,0.253381086070606,0.0844703765632902
\xdb44ee83f80d4055e66990369d0c686b,0.204501419128733,0.132187285307938
\x79976a78dd9b21b3a987669c9c6bad0b,0.125801132461157,0.11252476317563
\x01512af2ff46667c4595b683bf634f53,0.125219173305005,0.12966566994661
\xfce5e5c85f15da7175ad0b35fa0916d4,0.239849406045594,0.0911766946431064
\x0959c54cbe549c779e1fa53341771a2e,0.295958029407055,0.0919754741352405
\xa6c5e93058cc18e017c0214e0806f792,0.216122368502914,0.0661761595976085
\x99de6290a2b168d2e318800fd6c48212,0.200922995419873,0.118004322372028
\x4ef9c88aeefb2bc2227c9575351e1fb4,0.355757493737858,0.172508829089212
\x0a11b1f4f5adbd1e681b6817f5435092,0.551956110067622,0.131262204678873
\xa2d338a862ff3eca26f1f5eb15283f15,0.943917739277626,0.179873657848784
\xb9c92dabbe9d32276a9d6b9a4a463d0f,0.379023493233831,0.127408275430717
\x7cacde00043f06cc67d07b5674b560b7,0.396441038047551,0.151258806393494
\x7f3ff4fda1ba7ad29bb5f7ba7e0d925d,0.227087566617817,0.153979422916576
\x3f6704f0e142a13f0e4456ca374750cd,0.236820561371601,0.0822685387161764
\xd6556f155d71bce4da8e62b15e9b97de,0.99403217724089,0.188286884129157
\x498cfb4d30fff59fdfa69dc3dc7fd711,0.168310003474696,0.0865884242863199
\x81ad32db37a1252244510dd795dafffa,0.187565844803945,0.157202497020251
\xb003225cfe6b41063ce25dc95368742f,0.165482178041739,0.0855436994835562
\xbba488bce633b8c9cb326a07b2503f1e,0.476919688614249,0.140764910561909
\x243b15cfacc22c8f511e623aea043746,0.434611575646609,0.197622891548788
\x757f007128ba5d72bc1707bccbcf0fff,0.245347749473952,0.157098313756293
\xde8df69115d0bd87bde88b3065e64209,0.0680957919847929,0.223931845982576
\x8363f998f38f016a9965c70f8880cba5,0.597754703534568,0.183750843253953
\xe408cf3edd804d08a085f30dcb283a16,0.159653195169632,0.0743066018886051
\xa17cb562a2541d116bdb6f745af9e46d,0.702179881689038,0.147554290840347
\x379f9a8265f592f083d9fba705830b73,0.241426877068569,0.222263255956884
\xcb536c8c4e22c66e7691ed5cf6522367,0.605995230138968,0.239807043220835
\xe9216f10b926f0c5c3dee98a586ed6bf,0.411705746442098,0.153403537598939
\xed91e1178224123b67a2a213a75bd03d,0.295260981015647,0.244052568233153
\x550b5832cbd29a275398d9f97e4b4422,0.262475867268677,0.128244115451981
\xe1e38e457338d697b36589db219f196e,0.340188149158868,0.144392752660238
\x14c9c895d6add69b3035eb35bfd3d85f,0.155703959640478,0.217296696280056
\xbcce5ce62467c6b8e2201a21bb7d2469,0.600158800178065,0.189063293035048
\xb335ee5450e7e21f8a0d268b08d9c307,0.558479657573141,0.228956505938015
\x793d8a0d5503d3328baa2db5fc98edd6,0.572469283112498,0.319050184843008
\x32d71dfe18344fdc0a00e365f8ad1ee9,0.204545839177441,0.139760103139791
\x92e579de779bcb1b33d0c4948eec8a02,0.190995040143511,0.325539506730973
\xa4eb4a3a2bd12a2bad149c89a26320a0,0.481751892531403,0.122847993037594
\x426bb82e9ff1e7410d85e8e0e536f2f9,0.459632869896879,0.12079897817
\x8ec15aee25ebad654e6d3a791fabd943,0.136965799112563,0.100677034353388
\x6b72fac2343d912bf88fa4c9639cb109,0.325040410002483,0.296128925439123
\x7e6f66d5d4281357279a6e0d74343881,0.179913622981181,0.204085407480574
\xf7da61064376c18c4fcf02a0f3b25855,0.322729398817721,0.143027954915661
\xa82e173da04a9bb1fbea3cea03d37f84,0.608593674011734,0.145770263168859
\x6f69455c69b182ac98027f65a68643a6,0.136515590914648,0.0928575984923946
\xdebdf3a96c2bfc4a1aca8464d710a309,0.602678350516564,0.181192193126133
\xd258cbf9e6792b98f40451849c3ba9af,1.41756229066392,0.166890322454228
\x983a001900ee9805136789095acf15f7,0.46977765382853,0.225017717878454
\x2f283318c7756acb0b1c8bd4d6900aaa,0.179223581743236,0.0925201256584569
\x80c4139f5f5b7db630fabd8916ce5ae9,0.52094144435808,0.176225654694606
\x92869c5530a656a0efe061dcd383f596,0.681971654473055,0.1674794732721
\xda5f1ab883ed28b6c98e5299d81e8d3c,0.544472873656033,0.204910921804539
\x5fb3cd6e17849013868d5cd99e712681,0.150884152594879,0.312503338018956
\x51ec60b93e4c51c2797c866e25bb628d,0.958168283814248,0.100075141982915
\x272c4e9e36568029fd6d9c0cdd63f6d5,0.172970629994187,0.195602423086195
\xfd778421a67fc8c40387328ec56b0b45,0.217321545155338,0.198433378235967
\x892a5026e52ad8ebff1aeb6bbd985827,0.357413858766349,0.153252613627161
\x256ec1bb29c5359684960f43f3b3cf63,0.553149256863887,0.226612522730837
\x263a03d0f86ef47993236fe576cd5bb2,1.1376140199989,0.266747032624823
\x3d8e3b47de5e8d27ad2ea4549f5111c3,0.577357753682648,0.35558934695653
\x613710f98e6899d07b8c8cd223b3e3bd,0.197958351208207,0.154658367891807
\xeb53dcdb27c225377d52c3b388d9141c,0.18250260245865,0.22050039605618
\x9cc1c3c2184027907e586e2634ad044c,0.372043287609634,0.240626058137237
\xbba54e687211e88c60deb6a527bf3b5a,0.325887782057514,0.281950959237254
\x331de76a16310b8da3f03a0017ee658c,0.269700072014475,0.228629615091492
\xb088b3579fe1567eb72677ceffa10313,1.2160051264287,0.226827060209686
\xb5d8992bc0548e33f897458e09fed15d,0.29999852265587,0.302419886791317
\xf679c746d80e290638ad49b278c548c4,0.171892149661241,0.139954376895215
\xee996ebfd455a43e1b2c1c0f875660e1,0.141059707619525,0.114204166428296
\x446ca9cd224dc7f820e9c49467bf3ce2,2.06247100634189,0.210750626611961
\x89f59bc012a6e32143b0bfe24741aa34,0.712950910520661,0.244703111710242
\x0802104d767f9d6597a001cba17d1985,0.235216746646191,0.141949935405905
\x67ffa29159c3de2680a73f7eeb596e98,0.202946067707512,0.271855370256202
\x170875d7deb82dd200e156280f0ec528,0.602617907998055,0.269915578806793
\xb0ca9c60a51f62017ed754f0973eee4b,0.20415567680468,0.146404679739741
\x18dd34c42218ac05977fe77051d1d111,0.116643749201396,0.0990582370460188
\x1b34d8411553eca313ed93a7be86efd5,0.161925904171532,0.275662063410731
\x9e58dbaea4a85ad831e0eefdc931f43b,0.354518209888656,0.206036221372248
\x1b2744ca18d60b30b5b9ecc61db3b59a,2.94716777079102,0.191123285156108
\xaeb27271f85e36a8271ede80938f4917,0.568690953910417,0.226522332002832
\xf614ee8ce7907d865c13b91a11c9d3ac,1.54901936563332,0.183676892089606
\xe2d19ff9615369ccd5744c537f86af89,0.537059198254532,0.283482560120606
\x90a87b5a05a5eec41260a66419a96fd6,2.28813389080586,0.236342929236508
\x719661a871ed961813e63b0989fe3668,1.21337001993985,0.212236367879457
\xf642d28b388d64f5e468bca72de7127e,0.669612429694855,0.106389147683847
\x622b6228a6ab5c0ebf7a5c3615738913,0.844496210101536,0.10757195783357
\xe61ee6053d350d49c3347e06d99193bf,0.858595029424163,0.152112890944403
\xa54ee3f992f615d4fe7f0a2dcb5d0ada,0.787827498528989,0.218609787223726
\x62a5e3dfa3704f6c911b4648d4cd5937,0.837336727954493,0.134785130031714
\xae2e726e00f1eae6f57c7457df2e1a85,0.845603880463569,0.141724689292975
\x4cfbd7578c3e754524b5f8c824d9a394,1.34172919020809,0.411977099364598
\x497da6ee03ff42f2f5f351ff4edbfac2,0.790675758635129,0.178575792385953
\x33062f75b3396e32b96d7a4865a88d6f,0.44787264994725,0.153005837373132
\xa7c4a90c654e26446b99a3596b8e884f,0.451326506674653,0.174933484713108
\xde51342030941e4cecf96559c56058fc,0.529950570922356,0.145911065862054
\x69e7ef9a53828e835ecede90786b6edf,0.355122341155371,0.144890919216936
\x455867aabc53899dcde00c440945f15f,0.719957088713846,0.0481841355827985
\xa9285ccab21bbefb29ee62a8cfbdca6a,0.923417438763386,0.157322627338733
\x74ccf7c147ce94de9b76f44ad3d9dd02,0.832657685807209,0.227087775917922
\x12d9f0db948b7b8fba69403f0dc45c52,0.840330450815584,0.115291703074948
\xe97894a4997932a9ea5b4c828c0e22fa,0.84326816452169,0.140964402059835
\xee9e1f623441f80a150f9ff88be6411a,0.944038238847235,0.208272236814085
\xa5536f1962fb08e0bd0060963b649a27,0.827781535684531,0.100290230228065
\xa5874f8d28229d65885c92b1a976e5b3,1.20202335405163,0.124444754859275
\x82c5278ae0a9e6b4a5f9ec6bf260d4a9,2.86705584067285,0.133596588638903
\x85e94cd36c649ea7dfb053d3995db741,0.769936820108836,0.200175435576404
\x928a49b57e0b2ad0eea3f6eb9d1ee3e3,0.932424819799937,0.317574107788423
\xf995fa0a1c4eab46a72dd9f22d17ad47,0.414821546324377,0.126790513007852
\xee292dc5613c87ee97f9b9e9ee426506,0.370392294743478,0.17564489560922
\x8eb766981a63b63421bda7a53d4b786b,0.480725043745429,0.124477835458538
\x481f62fff4f2dc459b8c501ec4a4e3d9,3.94101196496892,0.148048063533376
\xec798be1c1d4abfa5634dd858ff0d3c7,0.432894505310114,0.158168349729975
\xd6519bf66ab6674af9a8ae654e1c7113,0.267600049994366,0.124512185198085
\xa6b299932b4723bb16f22dddedda83ff,0.327942243990258,0.100714555275173
\x863bcaa6dcdf39d4fa5b7acef84aaed6,0.587328446049041,0.0994013584112542
\x5fb3cd6e17849013868d5cd99e712681,0.162647085636136,0.103349931131744
\xc998f12ff680db66c81e14baec3810ba,0.256034882403594,0.107578938834476
\x9e58dbaea4a85ad831e0eefdc931f43b,0.368357520222234,0.140315921712751
\x3b84334b811dc46ce1af31af42deed2a,0.299143436257191,0.159429848225755
\x230c4974c6989e36f91744cb4abd1f71,0.711901056480074,0.0893094321366138
\xfbc2dd1c5e95cb7dc7680e83da75eb82,0.480961003023221,0.197229407450621
\x48905f68db0c8de00e7d836903f15d8a,0.142388302443173,0.161787429722925
\x1870d79263eaac8017788ed78ec66172,0.385975131803033,0.238868234720306
\x36b53735f7b2a8a9e04207eb781ad632,0.320754188632593,0.0974928080058968
\x61144923515ca10f407cbf05ff86f1a6,0.391419999581327,0.175427247885551
\x32160eb8b254452b676c77bf2a8d8340,0.352230607693689,0.173231001374607
\xca0f1c8c765fd715021e5464c61d51ab,0.462633517811734,0.18220249014748
\x3efd812bf6a974706af1f2216e3ed910,0.390191669021869,0.146353992002715
\x09c4cbac4dd89675995bf9aabab56213,0.519006448358891,0.208081421934787
\x099f7c467b2a67a8da92378eea9142f2,0.771415669980922,0.245196040349646
\x140ed93c26e52a46d9360003925dbfe8,0.431368477423532,0.107287061804071
\x3471e2fbc7d9badca28cae5be251771e,0.416237912918726,0.127675593125445
\x04c0e25a228b150e24fd1c969d0481cb,0.377268484904154,0.108220142202271
\xd7ce0c3831a2d19b90b66ec1876aee67,0.423304548444822,0.162197978860378
\x40e16560b733cbd10f25c9602e5344b7,0.685125564826439,0.156243810211608
\xa309535e2a6a7dd7b26d2fc1a0c86c5e,0.974304751032029,0.130983714166728
\xed12a3df3bfb16718270c10aa2237a39,0.27746563708201,0.115980316932439
\x20c2152f8cf7de13ac459295e7579380,0.456846976837799,0.271803994605355
\xb0d95197dc82051956a7c0b1391dbdfa,0.422528228678221,0.148019349927807
\x9f3ce44d46f6d3e46603d82e2ca84624,0.67239593234234,0.243243287714434
\x671e9cc05a516c13e73928ebe0cb7fab,0.739717092643716,0.1569953162664
\xf4082bc8aa166d56ce2ce2919ced5de2,0.544781430145214,0.229800594048776
\x556237e7896bace57f29e7608f64ce87,0.475673078448028,0.243772216867114
\x6854759165796b686db9d298327b8df2,0.38230131368533,0.281205573859532
\xdda82597f8daac47e3a56f9af6a7a59d,0.754327357933337,0.238119981145605
\x8022c32ed2ede4cf00f16d03209a496a,1.07906263653116,0.277958898805718
\xd563598954c50cb373f6a1c0a1dc15b0,0.154836255186272,0.107714565683252
\x9e567538414bfe2bd47e112bb045dbe0,0.386178695343315,0.0984309470831506
\x5f3e5e9b1654e8b74576b1d4d0d1926a,0.166666852908195,0.102701280803908
\x2b2240e87c3e691a370e95c70062df6e,0.438678719595835,0.152607648267868
\xbb73f534a77baf2756a72b8fff07705b,0.714566214610829,0.149831951953295
\x2cd9a7db75c667e273de7cb88de75cee,0.58020269312662,0.173599714332515
\xc9a9374fe68ed9040579fe8003dcaee8,0.420669745427477,0.192828322057197
\x01cd2b7e38cab676ad51d10a9a9b936b,0.65925019679774,0.349616763607476
\xd7715912d14314bd4e2ceb4481c955e1,1.06075044660277,0.201039594367901
\x2c8c780f188a995bd40b867410c18557,0.599827865326336,0.160815521493615
\x679db8bba16d0ddf78e97a06bfcc3946,0.676138091600802,0.107648046952573
\xa1c80dafde7fdb9acd901a50d00443ab,0.276072505808002,0.0548685463293517
\x7e0ea28eccadf50a75e526c908147c9c,0.918369662157415,0.241724233343293
\xfd778421a67fc8c40387328ec56b0b45,0.286141422708488,0.103340109858885
\x1f0e1082e5abdffb53a5e0a5c9faec87,0.682118498324369,0.166544995764733
\x400616c6d0c060102eb872af38ef60f5,0.302004083579388,0.128475266816846
\xa0834c608102cb2b1dfa0cf35c156d72,2.03566611247312,0.182215183426454
\x71853b297d3391dd4e12517f99b0c5c7,0.705268279310345,0.191105295669801
\xfce5e5c85f15da7175ad0b35fa0916d4,0.449967029427606,0.131065671381931
\x0365ce794cc07f188db9cb99a2575448,0.571906627635933,0.125479007677085
\x79976a78dd9b21b3a987669c9c6bad0b,0.225733054761062,0.146036346435546
\x077479ca54055d365db13858974a2911,0.305573240552295,0.127273013090247
\x2956d3115bf939c9cb4102830b2065a8,0.2448311932167,0.130384380542743
\x01512af2ff46667c4595b683bf634f53,0.973455555324382,0.101581639254793
\x40545fc82f8dace290eb2e60134d05d9,0.333233025660441,0.135141734746175
\x3b29a79284d3a4cdd024aef94403a6ee,0.513683853407381,0.253642991115426
\x4536b5ee56070fed64a6fbd319acb2e1,3.41227341253466,0.195019349513257
\xbba488bce633b8c9cb326a07b2503f1e,0.768440315995924,0.158861995158484
\x7560666b7addccc8f45f74e4859658b9,0.9802972373965,0.171864221930658
\x6494c1a56f5ac0e8575b9864c1909eca,0.217217939604867,0.0820239337746374
\x831f646169e83767417f59e4e1a459b5,1.63084207625099,0.124232862232356
\xf565f0a382a52e7bb213d68d28f31bee,0.643613207234047,0.211475235121558
\x01412fb07bb1b2752a75f06eff98dae5,0.699210375612711,0.155653716929003
\xe7b01d622799c7481c8bacc3e4fe023a,0.605144405484794,0.250330203078424
\x2baae0f19aad1acd7c5380653580c989,0.373028134962858,0.184469217633661
\x1f88d3ccc07cde37218fc28e308c72ee,0.79523374937441,0.0981707002177185
\xa45c84d5a5fc0c16bce499ebc758e3da,0.23960688435565,0.0876546815577545
\x10ab0a83afa44cacec282ec41b73334d,1.26752417463828,0.17712165338513
\x5d48410a7b32a7a8b1ba83dcc6a4857a,0.730180361830124,0.21922794830206
\xd8a530e9cf11d8306afaff89103896bf,0.731439925384463,0.236034750094849
\x179bb1c1cff3ac0c0a6aca74dfcd4783,0.41300349830569,0.13537492596999
\x5e49c4830d27932595ed63b669e7a3bf,0.534402347979152,0.12266862510802
\x0f40025f1285745f84bbf1c439bbee6d,0.742244476696729,0.23391373860446
\x58628f22747dcb16f8429d510352283a,0.80231279403796,0.157348170185868
\xaa14aab627e0bfa929a7f253f31227d9,0.409940084436209,0.141358959347129
\xcb6c740c385a0df2ffbae5599ef991cf,0.806623284620431,0.150008273271049
\x8c0142541916cde5b2e352690c1fba42,0.987136426705949,0.163162326919326
\x944dc7f128f50823db7392390be50211,0.758744195704372,0.144896707924337
\xdf4a58c6f71b2be32c9e0a8491bb06aa,0.380297615115942,0.228134414578907
\x940f01098b37a7c4404a2ed005889226,0.512274845616901,0.192030100782061
\xc8fbf1dd1c2f5ec8a8d61ca04d9e2446,0.565194992940837,0.143238802818978
\x40d0a85bfa7207d71a11bc5ff8341c46,1.25351044750749,0.1610147235234
\x15e8a9d005e1ef539bbf9c2263cec198,0.861198916219723,0.0975283858763455
\x260c60054fd68bf359708c83d2e292da,1.0841831005243,0.163349767921365
\x069e0caa221c0cf440ce29ea0baa5bed,0.881254192353769,0.199147252086542
\x45f71b9070698339a0d47322471785da,0.889678399008747,0.150095244218709
\xbe1683d09c9075d1fa0db6bb32ffced7,0.994425886447149,0.282147669325353
\xff7f9f8e81bd30e1f251593f107f7c86,0.748812350748082,0.0991674917160427
\x1ac5c9bce3aae312a0d699662e4b97d1,1.11723085679386,0.286657636604156
\xdadd14edfa9677328cea95ccd2cf604f,0.428626034699092,0.274819219096183
\x42793b4b0b7501f6151236edece38dad,0.387708555597379,0.161564226656057
\x000dc0c16ede581bf80f0ca77d858e79,1.17043837561259,0.169829090653947
\xbaf43c6c46b5f973f4d24a3e19a41f83,0.508790695431893,0.0380766237773748
\xa19c6bf06eff66af46d253223f1c8505,0.720817066933172,0.132426115068317
\x53ad1a6b864918656426dd6a83f085f6,0.308665245077601,0.129364757564013
\x84c233aeb06396507d48230bceb2a3e4,0.832021192728091,0.158965462933448
\xe39f4ab527580cdf26b29bb62ff04464,0.535734207904468,0.178895160450936
\x5d4aee12fe513cf2612f435736f6e090,0.363236498775635,0.147259620113201
\xf669020929d5be041f99828886c3ce08,0.5750632439853,0.287866783349209
\x690dbd7f5d512478af7b2c0957d82c59,0.294815501863781,0.143340336408584
\x36483023edbd8239fd796baab92d30e2,0.476424734261348,0.13979580859818
\xa00a60c4d1d97358a5b0b3568b5aac45,0.872878770322377,0.163890701268569
\x12b1b756dfb44bd487b4c44c35cf0174,0.848940622558162,0.106447834658292
\x7e9cddf53190647de008a2457e253521,0.323953217468922,0.150848524828444
\x48bc1f7d3b2a334effb6404c374b8c69,1.17201089440815,0.262080809574473
\x963057ee67c659f636d9c2e871944676,0.891618547146409,0.161140998402223
\x5a2589d8760c27d8bd272ce100a85f7c,0.445559881774113,0.155021189429326
\x6eb1c473c8add07ae6b0f08b576ddb1e,0.455295788591363,0.184957679829866
\xc115384769a20070ec34a45eee177d2b,0.461729140780144,0.166109304473882
\x46a3c396e5bf76d5271bf207ca49cb4c,0.991914666297991,0.248409992930549
\x2d26e8932bffc8f26fd3863e7a989e21,0.411432499877081,0.328533409580746
\x55e1726f30e200ed4b501b993af88b79,1.27558221946866,0.299463908160825
\x6ec0e30a987c75c2aea9829c17e62d7f,0.627276177588588,0.171347894845284
\x7fa9c56a1fcdcce7960dc3d1b2234fde,0.361456984412857,0.240725018274064
\x581a04c0c6bb6a07a01f19af95363710,0.165171701282758,0.26020636105665
\xb56d383bd01315663a3d11d689bfad9d,0.89608979792194,0.27468554565793
\xddbdbf266b1a4213dd2395de2eaf2910,0.800528123858017,0.264750759159271
\x89f59bc012a6e32143b0bfe24741aa34,0.879694165763275,0.202800996915117
\xe72967f2a49fda6fe565c0f501d0f160,0.597970468920417,0.184611924271765
\x5c3c2eb0b2b6cff6e90f9234d1ef6507,0.498761645877386,0.155931840675859
\xe7d3d6dcc5efb76186d6b0c239bc3e55,0.397545921227123,0.165310352518708
\x11136fa472c415a898bc8c281970c8e7,0.62772970158075,0.147126388280565
\x4fe880050447f444a014ac37e7437064,0.375840584993221,0.236859780807998
\xfa5505c72abd4c4f1f56fc930e356506,0.516748806045636,0.166530737201593
\xc217d6fec7474b91991d848ec243c67f,0.337393802047308,0.202747483757764
\x7f3ff4fda1ba7ad29bb5f7ba7e0d925d,0.367555939973924,0.196537216224059
\x23f9952a53aad8df1947db6fb9af9b71,0.286852446182322,0.12713176176564
\xacb0cefc461c885a141712f7f3313519,0.348867522902954,0.138092657370444
\x7bf602a01dc9e1788374e80f8fd0df81,0.561278190384974,0.141591570383169
\xc9ee85b6b91dedefa105c3ccbf19edd0,0.63076509662826,0.1115610182242
\xaabc7fb508ed8126bc9d52d1fd331efc,0.536927528210676,0.252673399969702
\xe62150e848497b0aa65bc5252481f41a,0.400051403947318,0.154420773447572
\xdab227c5fc785ebc3f38bbeeb6747df8,0.540731995828015,0.113346292122132
\x1f9b03ae30facbb06febae951dfa8007,0.547101339233545,0.239411806663168
\x08c7d315a813b14dc9a4dc8149ca4b98,0.605344783900581,0.178655393927544
\x7ae4690584e0e35b82324c1e5ed77b9d,0.662123888683988,0.143095923417576
\xea0515b2b93b33175c33420bfb9b9dcf,0.226258227343089,0.121046893456622
\x69392ec47e24c5f81db4a00f6ecca16e,0.398870727108802,0.148925018909271
\x2813db29d3e34a86375fec5a691e7679,0.583628389356721,0.12200145445322
\x4143b4b3039edec3157232021db287f2,0.763947966847244,0.150462247796575
\xd7eac4b54be3d138aea39499251ffef7,0.444030514461686,0.126159823926031
\xf8d6f2e2b87a4be1da54c4c8bf805fc9,0.273468314366664,0.261890654541093
\x1ff1cf0ab96f054146b6121dfb101c54,0.510885431922102,0.158581842153465
\x10c2ea134b04ebefaeba7d12a3fd0dcd,0.51328921218958,0.170355711371258
\x756f01fd8f4a1671fa732ac12541414d,0.430538748972308,0.187338122985112
\x27679884bbe550f9b587e25abb412e6a,1.17648230613252,0.125540893214524
\xb88c83b912f102d21800106055f1e728,0.571564088403626,0.192934186666017
\xa9aabf6c34ca7e88c19a5319ff9b4d80,0.364346384317311,0.173082885547302
\x37105abfb11f99ae081ea48a01103751,0.284820939643677,0.0966043539552465
\x31954d767315692ba705b1e81c1d4e5c,0.654472696531176,0.108181772175658
\x7e5c2d858a35a0c3a2742eab0632de8d,0.730878221436504,0.119544483341741
\x7469c6dc32237fbbe191545603c1038a,0.688215556841004,0.178369343648015
\x1f29c511360795d57d0f3c90eddd09c1,29.3290632062612,0.519919503362131
\xb11743352fbfbd650e6997ae36ab8ad0,19.7608057129134,1.08626164073802
\x19a91a08e37d9ca3b3dc083762506563,24.6196840551633,6.67267871473551
\x277fd4122d73f5aa147edb11a98577aa,29.4866436006066,1.58917702632151
\xca8aeb5eb918a982af8a2d13cffd6f26,120.053391090319,0.881265866438016
\x9ac0e9ea95e0146864984dc716db3198,101.049145921297,0.534469096137365
\x7134c96c6cd869c1b12760a7d304056a,19.0127400525516,5.77491557838713
\xf74616c1842d5299360e65b9f8669079,15.167151036036,3.69883246033015
\x22f36fdae0fe025124956c894b4b7f6b,60.2379956951308,3.4813932534541
\x8ccb7575a76026ac2cdc1f21a2df77de,109.351416756642,1.39211500291077
\x1df48de3e5631f6bec7e64ea98cc9059,20.00434257998,0.986266142970924
\x19e72d61521f058184d26c87b4f9ef6c,37.4918940999728,3.00129342945815
\xfdbfee588a8b8f4a39593b0fd0315ffa,31.5185443444692,1.58599053931715
\xc538d7c39d33c386f6773e39141038ce,147.329227138858,1.94691853340816
\x94f5aca8d019f368f5dfb624fdc9926d,40.0205253327796,5.92001357067903
\x087e21db0fe2618bab9ad1ee9296733f,43.1113407091441,2.01806031441277
\xf2cf99a7580fc4abfd83a3b1d104083a,25.0477124702029,1.29420403201392
\xa4e9ab8d0146ced060948280f8b27bbe,40.4761167386183,1.3439841838907
\xac7db1ba5cad05ee26fd7b08b56366aa,113.664327829852,0.609433009863702
\xb8610884a8a9f75390833da89eaea0bc,65.6060869372755,15.7868049353793
\x936220b76734ead2b6e53233a76d095d,0.509596043540174,0.373953048458851
\xc05b4b8e6c0278db6ae3a7b178af6152,0.465069309074904,0.15145633822138
\xca2a8d045e41edb2b504bc47b2fce54c,1.33213799529187,0.262717175567075
\xa1233f0c2c2cf44f8c3e523a455315f8,0.358907344267883,0.102029218320319
\x2a4bd5ef8b7e380941a05b1df12f4e50,0.535189756983157,0.0839058978342607
\x7b7178d1c7b0f05647ef7a624ee49a64,0.57457127201098,0.160002279231037
\x806ebf20cf2a3558b19c88f9152134ae,0.759304555966255,0.135056350066124
\x9d057543477a898ad33d40f3ecbdb815,0.313900181213373,0.17070306541823
\x9b0b978080357bcf1464c5977062ed8c,0.949843676095846,0.062686146914401
\x2d638f8b0a98ae1d0db35c3cee246c88,0.746426186934759,0.120917552604693
\x14eb4317a6642d5a88dcbff82d8bb322,0.664514250257425,0.13173319053056
\x0a37ee85c8eecc4944c7129032b2d51a,0.747773018413363,0.1236887601337
\x692e02a0147dab48c462062cb5c0b8f1,0.449796148652199,0.107867058481291
\x0ff99b427fc9aed6df8d37f8de84df14,0.253059656798745,0.140044410013478
\x853d6ae40a1ed87163fd99fc64fd31e8,0.402917055357384,0.0944130843149812
\xefbfb6625a3b3b5efb8ea0b9062591de,0.191033509522634,0.131224692443858
\x7880522ef915954170b7681ac08dad55,0.468136505641808,0.219728476829278
\xdbf7ae55012c9e284e3217a5e8fac621,0.857315465110827,0.16467674231887
\xdecc00c78e5e2055355074c129eac444,0.815983444762749,0.13747710617373
\x510cd4609a0a120483a1ac5ff98d66bd,0.549480442667714,0.157069359022911
\xc91bdd953884f0e18c6a2235d20ebabf,0.550326878912528,0.13644797850707
\xd3117b52418bc960c8254ca5dc3daf9d,0.822829458095629,0.120628330290895
\x6ad499d6e219206e225e32777e901db6,0.631729509187131,0.139952332831782
\x01a2dc06a37bfe14ac807e4d680b4fa4,0.613072567896107,0.187768385197802
\x45c4714038e70c4f6069a08d0b01b425,0.342560684482644,0.241130175374468
\x2443c9daf9c5b5c8f17d882e06911590,0.837423356703049,0.152462848211147
\xdebd70599c368b7d73abd2d9df5c13e9,0.311878258050751,0.136561820704999
\xececf080f353b4d27276cac9d10b3356,0.602148650424291,0.168346149915503
\xb3bd43494b93f5052597355dd8cffef0,0.569867483066798,0.225417072474953
\x88692f6ce1eddccd77a4cf35a9250ed5,1.00982971838898,0.171332916683073
\xedfbd060356f2884ab8e01814405e2dd,0.816974628548997,0.158988537229605
\x878e7e1c804aa1617daaadfe9b45fab1,0.964724847775033,0.237475150321358
\x3e85974ed0a34313f5a2f469f1feba46,0.439493674839822,0.216350604016211
\x24df450aa3c8da4a4fb16d23c97ef9b9,0.304586389161758,0.235596412244782
\x28a463ca5059476a51569fcaf13d5e57,0.417876028156202,0.138930804295505
\x0001ee63ce700bc5e81f72ef1d385079,1.09696231116266,0.170773123516685
\xf4f14a102f2051ae529371095cd51bed,0.693227580601493,0.156052228716728
\x217a1b76a2be6592188996fd2af1191f,0.633335302188318,0.162152248381985
\x810a85c2ea04a5020918e1d3178bccf4,1.3432437009533,0.329429155818358
\x6e43e8d243cbf5352e7b0d6271ee111d,0.678995835053555,0.240152829010864
\x935cd2cfb46a79d8a773ea0ca05a8def,0.723607766727837,0.26426190910233
\x17d25fded1614108e0c8f363c69aadaf,0.653758926066592,0.187387994125648
\x27306b487127a1d081f3152833d6f7f6,0.655437198147274,0.116054723452617
\xb69835e528259d0715b411a936d2815f,1.06726036441695,0.161483901267401
\xea92927c7746011ed961e13d77d6a481,0.691158620751474,0.106075282074096
\x82ffe535cc4abfd2f212c62d1348b998,0.694331978740818,0.196190017559147
\xb4323aec4d072bccc90cae52e6645216,0.343470823482386,0.183592961433092
\x4cf4c16f983c3deaa2af116ff7f19189,0.848383583753553,0.198401706734886
\x35b8500b442143f0ff872c55f3814a1c,0.613721472786935,0.167383344668926
\x675a21f4d067e21c5aed895d5a2afadc,1.01045571283575,0.135857860581052
\x1fd566f9f1bdf7e29781e5331ca8cfea,0.749987456579092,0.175400660570142
\xac4728093b96104b8d79ad97c541e0b8,0.697572747480954,0.170747410360702
\x9e24be93d4ea8336a6c1ee1ae47876ca,1.63566528637034,0.177189101712308
\x654c006cbcdd78d3ef1f2e154077bd78,0.30559303780228,0.168192615442228
\xeb16662b6da1b7a3249f8499be3c7e13,1.08879410477421,0.0758774765446417
\xf4e71eb7d67541e95d68bc014fc6885b,0.584747180406853,0.158375183545714
\xe95636ad0aae08f3ac1a525002ad87d2,0.557335418459182,0.228586766349668
\x5ae9d04bffefaf28b326fbe6bd718653,0.352638866180333,0.144592404725729
\x3f9dd7eec5a7f36064fb01bd39ae1505,0.832541210618431,0.167361506329541
\x1b1d74410b3e879bd132922cde1d1c76,1.12329476910946,0.137791345385316
\x905a9ce36d2b06ef453ab02f1c6e479e,0.999391600537535,0.103587883039087
\x8da674c841e6bf3630dae394fc9886ac,0.272434565136529,0.196541526020962
\x0c2df1080fba25679446ad94f95af97d,0.413512924043272,0.140535981302608
\x0531b6bfccd928d47880f1e674e7ec8a,0.836877901316576,0.251293280788812
\x43b2e920b40f55bcdb1343bedd2d04dd,0.67913320131805,0.15017112395223
\x8f3d998052fd21f91b70cf8c463c16b2,0.260470929657481,0.128634096535428
\xc7567e8c90f702c60b79b14605ca073a,0.720899686597079,0.193747010551737
\x90c6f36be05ad644840272fa195d61e8,0.308351395102713,0.142221483629705
\xbe73c2390f951e126fe10ba9aa4d44ed,0.761239990369171,0.123539839514554
\x97faad35830a871a249bb750367ada58,1.47892763875106,0.171174194178652
\xda56f0b948d2b611c73b376a48fc2174,0.944430281823244,0.114908951297113
\x6ae60094554e554dfac4a7980439f24d,1.13908799788063,0.160163188902839
\x3bab906ff02535039a5fdba9c6559a65,0.363407565043613,0.153197526967724
\x92520e2b4e59c468876725994c47ef6d,0.311095213441992,0.189138018727203
\x5bdb2353131303f56854c8878a0a50ef,0.735891428333814,0.24184993931988
\xacee839468be95bb02568eaac096b5f4,0.872603893452525,0.096311292856395
\x9c2623703ef1c9b58a74dc37c96f9e10,0.492600359598985,0.246599551980183
\x2697c99d2f99f8369532740f791ba420,0.811150790007343,0.188114546957645
\x84d710642fbb59dbfd16df389777c0f3,0.836177272060518,0.28739362325412
\xdb2728404cdc511883171dd9037a5bd0,0.296620193093874,0.226934524405422
\x0681f631d30064e2ba88bb753495a324,0.323990177990392,0.253034510158439
\xb9d471e273b6274401af6f6acc8b2865,0.817325058312978,0.202142035117774
\xefe57e4af38c8156d7f8949495a4ceaa,0.52493442569628,0.216243947496216
\x51486fdbc9bf44fbfd4765f7a909abea,0.351943339038504,0.202182687236281
\x49c5f98b29150fb9aa421ee1373ad29c,0.489726990496761,0.405620372236188
\x7314ce18d4f6ec0b0fe43c47b3b44d6c,1.17802372231989,0.351190106772368
\x3cd2044676c9275855bf76caba886906,0.760005346884452,0.246564565102566
\xa999ca2782d806c56a8434432778cfd8,0.461163363693944,0.258855495890065
\x0778a34d71d20c9b86d1047ad3186325,0.533895793582231,0.186776767230881
\x3e955f82bdbd02bf01812881b939dfa6,0.827301576766608,0.160722948743346
\x5cdfae725d5547ecf66e73960b6359e4,0.352324094940253,0.225776508540171
\xbce64f9c44fb52b33a89d65dcdaefed2,0.685248138599086,0.229144748231723
\xbea0bf4c697ce44aa083073e60b8467f,0.320988382943663,0.244065577373565
\xbead5c393a1740bf95dc27f91f08d54a,0.365612413604629,0.106972711125455
\x46b14d66465db285e5aa321ebb0e2cca,0.430026742638867,0.109553914248381
\x3c87011f6d7d398a5e225f81ba18b07b,0.414633132123133,0.0953651095657402
\xec68f045a874e3e6d50c7a021722621d,0.502208609737681,0.121471590804117
\xd79c93aad75efbbb8146cfdce59863d0,0.412124969418466,0.21354868074359
\xecc9b3f154c41af2291ea0deb1719c0a,1.13743256553372,0.202650786204148
\xb33dcb6a56a6e0bc611eaa7e8e07e2e6,0.34893804634229,0.103299343162884
\x1eb7d4539edc1960226c8dce8c999fba,0.451395738556266,0.11935723515622
\xe13c003a3c2f9e6217238e0a6abe38b9,0.771098742252467,0.161270883028988
\xff411985eddf29239d1c1db1002f103a,0.618475592058217,0.144389699002357
\xd14c48d566f06044119e9bdd98d919be,0.762320682091071,0.246124146380851
\x41cc9ba7da67968ae15f9c4f1c669fca,0.442471382663546,0.206451499326917
\x5cdd21a48b949bfe506dd2c2339fafc3,0.61342880155477,0.110815527241906
\x3e5ba8f328a167e7c4b2ce21a97628fa,0.829516958784597,0.161248195654921
\x0d7e4a217efac9cb36e49569880e3908,0.858652699619294,0.130761015642533
\x5ac5f4d1f2ce07004f258b1444b55761,0.343454183518853,0.102600306666703
\x9bce01595196a454cb2e30128b1d408a,0.478589819638078,0.170536860957817
\x4616cc9467720e607b6e7105efb14fa7,0.643586912210031,0.216931273469398
\xd3f36d1f01cb9c388675285d6348bee3,0.775379692573467,0.251188546523064
\x1118437cdf02287cbccee75a5e078493,0.4839852769731,0.236853665054339
\xd8b3f52030748ebad8d70ce6c386e809,0.555016955559622,0.171637727119523
\x58b96e9e360cf229634d48ad9175715f,0.618369444662656,0.156141064687751
\xddbfa350f60742f222b894d02640c48e,0.703414150695362,0.170321673942001
\x19a1fa93ba79a028bdb591f3be2772f5,0.645151189556797,0.168981063510773
\xf4a0be550aeb1524ab975606e3b6e4dc,0.515281189498133,0.179548534226391
\x502b5806725b942a88478d73be9a91f9,0.956465701488719,0.229013325906124
\x5220e059a76b06f69fecb9e462af16d2,45.2838186039106,3.76378634495815
\xc9277dd82271f960533e4288e7991100,0.383813372638363,0.0937136775164941
\x3f5e4546a3319856e1d69a0e2fa5f953,0.347988376585578,0.0918135511071341
\x6a969077dc6dccb560cfede0fd6eeb02,0.215601926853236,0.0938894581817257
\x292e491c865cc54c2362c0985ee2564d,0.451780259470995,0.108486233649578
\x8d75b1b6e427eea7c7c5292901be28f7,0.182735489223593,0.154796990015188
\xac56460639f8fdf1e6a84c13bb73c664,0.679345093046415,0.26904413422065
\xbcc87070c23f77423d21106dd2ec0098,0.437833858104743,0.244450421534801
\x211e7ef18bba273fcddf152fef061d8a,0.261713403355091,0.231411589853506
\xf5b885806bff5c5c2866ff0f1afd1cae,51.2422718131332,1.81562877828547
\x99b55fe0e1c5664a03a02c5061140664,0.453471826707116,0.0804983815438129
\x96a110e4edd180467a02f8c23e21aa1a,0.164507749465518,0.167374648619908
\xe7176c0d4ce67d74904c9bcd75180361,1.9108240096032,0.133559961038302
\x02f09778fb2f2e8b955aed8aff0b49d4,1.05633494685009,0.138584172340337
\xc971683989a89f4a5f2cd3298cd93ae9,0.239350117493761,0.0983199789422254
\x3ad82a26c6a738ea5c42adb82d3b357a,0.584868582134484,0.143949685008281
\x9eae1f4ad16203f9bdc7014dcf19945a,0.42552105902268,0.21615474663948
\x2edaf0a80aae25a872ca9c1ca4f3c6ac,0.383640638820316,0.155015669358091
\x33716b58763bd52f7f2a3d4577f01947,0.579523955605425,0.104154697410768
\xfedd17af9cc90c78a29f07333e1764ea,1.64671706544651,0.382170200472455
\x26fd5ba5f890ed6ea5d066d5a971685d,0.68818498898077,0.162022210455049
\xf7da61064376c18c4fcf02a0f3b25855,0.349328643270876,0.0979277125870698
\xa10e2a6080d907f2113fff290164fbf1,0.390492977617537,0.106087863291533
\x4a65f7a2ac5597d542a12914b0ada8af,0.88469432411733,0.19237478685081
\xae0da2fd5245ac4d07fa5ec9095f5677,0.574685664815599,0.160623272446541
\xf781af1f6233fed883004716dc0b2194,1.15969995909855,0.225814993855976
\x7837e5bd477ea1ebdf5d0cece45349a5,0.589785222265672,0.119720004056394
\xbfdc4a7875567d1639e9b2a97eae164b,0.325356463964031,0.147446614759739
\xe7031b5e054fa46f88ef610f124362e3,6.85950816515002,46.8494893032774
\xd36cfa4f8294f8d9f4bc5ced6d07a2d2,40.6480965596313,0.942904638356323
\x7784c07ddae76f541293243e38dd46e6,11.5932215466241,27.0202656144872
\xce3b5bde8d06bcc1d27dca03ae711f9e,4.40123149480897,71.9514194821845
\xdb2b1102f9da1fb27294a77fd77a865c,0.216709002763707,0.142834030046266
\xccefa9d09b04e8927693d47ec365e464,0.171721090678549,0.100463328416479
\xb01f99b6175d89153343d0680455d64f,0.271155134209128,0.0922225059589963
\x50e92ddac71cf244d28caafab70ba5a6,0.192825373065688,0.126119730959463
\x882ced5680d71f752a71d612cad3ea70,0.749980899890822,0.128270871533129
\x15f629a7f7f1bb8c3e3391def14c5db3,0.466329425072391,0.1447943815407
\xd5650ee686b55d3e042fc829c7d78a5f,86.8943194796268,1.29754102657011
\x13f240d1a9a522c9880fe502cf10ccc7,43.4123465977352,0.270418955510918
\xe69d3e4521394a0d446e541c929b1ef1,0.539288661293097,0.150277194454329
\xaf5095587f53f1cf14d50874f17ad757,0.832711367729934,0.149963907567084
\xf147c015c3d237e5b46f416f0b0d215c,0.363909136294016,0.20385366379645
\x4e931af46c30a689ac6166ddfbd08a66,1.35618157215502,0.186970064782339
\xa85cc0ed86399b1ae8f907f2c6a7c968,0.404724653813602,0.115186788715352
\x6ef914380c61a4e2d86598b32e90fb70,0.768437260699658,0.147046415043218
\x0f40c09a46890ea2309d99fd58cf1530,0.814763262131798,0.297369230627812
\x6d3ec54101ea118f0f4a12c2cd435900,0.435309065745555,0.283454693072883
\x2b10b7e1c06b05d84364e38300f412ad,39.5147547488913,13.4078283986326
\xa163df9bd88c3d9d85643b158edf2346,104.238936879906,1.57689899671509
\x31fd7deb14ce722d34288dc286babbd8,127.512246910522,10.9069243821118
\xaa79a0522bdd3122e0fcdb6076252e15,0.751819331690212,0.108979530067567
\xb371562b8cc7cb411053d09131b9d162,0.615055827906148,0.1159908998586
\x04aead020d9e3a2bbc1b73f3955afe3b,0.551540232457913,0.132958347079001
\xc16828cef9f37995b36e98c006610757,0.340762779914636,0.15135216205172
\x731109293b6f1b4c47fee45fb590b912,0.698102644744343,0.153168532535542
\xc631c2f5c81a7e983138a33cf2acdb76,0.311279400512801,0.211143056030906
\xceee5412edb531346f5e7ce6c94e3f1a,0.901722079661386,0.177847070138925
\xaf2349345a8e22bef9c961ea7e17522c,0.473809565108836,0.110506960597874
\xcb6a66e62c95927b8627925e013116a5,0.308041138955538,0.166789064702622
\x17d39e55ddab2a30cf32a1f71af2ae5f,0.470238013677806,0.0962600850314683
\xa042e1ceef501a26e0de05e157333185,0.203062972479449,0.165612577942094
\xc87c52585cb6c0c6401182d14e0ee01f,0.164323544082917,0.129040309124556
\xf99ad7d6dbb1f2e5d27f8572ddf4253c,0.144136996618762,0.116352435936791
\x42275840634415c1696d27fa9d4b4d19,0.792137345631772,0.266028686511772
\x193ca0df297e500d2f0eb283478f8a68,0.134850243309214,0.113634290970558
\x38338265ebfbec04ac9f7881c95acdb6,37.1030076397031,0.395985233804065
\xc174d8f284235920cb77bca792667a1d,0.727444986158626,0.1835378120991
\x2f32a47bf95f5445eb0795aa187f7a8c,0.397645810686189,0.122529860255692
\xdde8e8253d73817317b7ed5bb7b662b6,0.682180369729643,0.133793261460031
\x5e3f9fb20a2b0a3008d3a500d249af9b,0.469682532498933,0.141154483710058
\x91994d3e1893ea18a6988dbf7ed479e9,0.701342989546965,0.103005798065195
\x62c783ca270f570110e03d171a431d01,0.35636330480071,0.283673484809348
\x0fa758ac93ade29b5ec1f975dbf50599,0.552398059353939,0.167898274672587
\x4c2f657e29c048eaf0929abe7ca06418,0.463106644846071,0.232882942731087
\xb3ed02d7551d656bf52bbfe3cceabceb,9.22582377250446,24.1174572087861
\x4af1e9de89811bf88f98ca029d3f7ec0,0.322909026881002,0.0598537349486157
\x3d8fd8c511899266d739eb298768e850,0.339564362023833,0.0792231832422238
\x04c88c4d931827bd5e83d074cdf48f8e,0.473899795491831,0.0655825094879435
\x4a6d28948491be7a98af61731ea29895,0.311676449535972,0.0538553353595293
\x843565fe7135ff8eefadf7aadd9f3963,0.676720561443494,0.144593832419165
\xc840bb849020d40c1985f3f927e06bb0,0.268576176033373,0.0551026404841998
\xfd20d9fc27f9e40f9f37d57e702aeac4,0.433329066630991,0.11153016756332
\x451a61ef1525ed917727ea5b07706301,0.547119396810031,0.135554857640038
\x970868888eebfa3254c36cf221145467,0.442252147151335,0.321601756008985
\x154f8962a9aff52d32e0cef5f3b7b14b,0.437809441358902,0.129299185081404
\x9418a41b9017e444e398f59020f1cf54,0.308805893684732,0.228864085541039
\x31954d767315692ba705b1e81c1d4e5c,0.881774342812705,0.104277792295315
\xde47c31c93b0dd9afad427a021785aa5,0.835325998939837,0.221107940289551
\xbfbfcabbbbbee8e023152f02d15d3e60,0.434399455004988,0.207870816656325
\x0e9e203da0353dd135bcabc86ace06a5,0.173390596369212,0.0494122870341402
\xbabbb34771fab94527775f865b9027bf,0.325544358346667,0.0914560012925937
\x87026b0f87217e9c162fab3bac7c1ad1,0.212934164668914,0.0704074170187867
\x969983c7fa479d8b0450c4609bdd35e7,0.338503807150671,0.139522602287999
\xa8dcb165b1992c7a510200657e9292e8,0.368844695119802,0.197793691589885
\xb6dc4da0ba7dfdb4a26c83566a45b960,0.146229233176635,0.0564468185189156
\x3fd4d80d6dd141f4cc6bb46bed1bb762,0.155186828768071,0.272180554912166
\x0eda43bbfae840a78322731e2772ea59,0.229721092561987,0.0818784060874456
\x1bd331c299270bf8fa4e8985e2093e11,0.221436418997359,0.150632659824087
\xabd4cc0b6d1ef1b7bb3f3df2004106ec,0.465243735440576,0.177707975469698
\x937ce3869ae1af78aa1367fdee6c683d,0.150439032229828,0.0706023427651986
\x6dade82a7139dfc8e6f500da244eddb7,0.755688356656392,0.250083356990096
\x51fc3d2c4c8d8eaabab3b935941079be,0.353371050186071,0.174641159268577
\x83eb8171595405ea4c2671d416fe2cfd,0.597134692923814,0.215497389174879
\x451a61ef1525ed917727ea5b07706301,0.547119396810031,0.135554857640038
\x9418a41b9017e444e398f59020f1cf54,0.308805893684732,0.228864085541039
\x969983c7fa479d8b0450c4609bdd35e7,0.338503807150671,0.139522602287999
\x3fd4d80d6dd141f4cc6bb46bed1bb762,0.155186828768071,0.272180554912166
\x51fc3d2c4c8d8eaabab3b935941079be,0.353371050186071,0.174641159268577
\x1f3fc3394b7234ddb4d87cf995617adb,0.06421582,0.1965178
\xc54bd58e54df0a90330680fbfb550d94,0.13331812,0.2530071
\xbb002dbf665285b9d86f5b3a4a3be919,0.10768671,0.3154322
\xa4beb8be741b58b2d4f5920c14da21a0,0.09345584,0.2245301
\xa35b11ee7259e3aa4aabd0c46510f96a,0.07242393,0.2394227
\xe46c1c7cd4a88492c76b58e4a66a92fe,0.09773978,0.1429690
\xddde878818b2569f74429b1b07ee7f2d,0.06881243,0.3747824
\xf18ff37e8c4b6b80f0694e79fab6619e,0.6451550,0.07796413
\x7d5f0ea89d5a8cf090e3e754ada05783,1.6384709,0.43408378
\x6ee07112b4844eb2c98bc3d1fb2d7913,0.7849942,0.44442205
\xfa3948d05f8a125a461c6403570505c6,1.9495679,0.41265944
\xd6b630a465a780c5012eac893d6aa108,0.7772084,0.44082071
\xc9f1e114f8863250400af3a71c6e7580,0.7944165,0.48048605
\xf3b3b47489aacbf1091a33c8bc6dc6ff,0.9756237,0.44657558
\x9454585f6411ed6bc44186ec73ad999e,1.1449937,0.44106085
\x7dc322b09d2dcf6b75bff498d47ddf9c,0.9718501,0.44162765
\x78ce5f28858e9d95081d9622d5cc097e,1.1749134,0.48204944
\x4a7e193ad4604e69cc283e59ec549326,0.9473276,0.44450983
\xc2008659dc742b382face9f0123ec0e9,1.8058044,0.47955512